# index, id 
6825,newsgroup-groups.google.com_misc.consumers_a534e32067078b08_ENG_20060116_030800-0001,Email: yamwhatiyam <pop...@spinach.eat>
12004,reviews-164805-0002,I sent my wife and daughter over to check out a pre-owned 2009 XF.
166,weblog-juancole.com_juancole_20040708181175_ENG_20040708_181175-0004,' Bush fails reporter's pop quiz on international leaders
4892,email-enronsent38_01-0085,Carol -
6036,newsgroup-groups.google.com_GayMarriage_0ccbb50b41a5830b_ENG_20050321_181500-0015,I will email names and email addresses (or postal addresses) of signers to NCRC4ME in time for their “lobby day” in Raleigh on March 15.
3172,email-enronsent40_01-0021,Then it's real easy to call Ben Taub to find out a room number.? The address is below.?
4427,email-enronsent35_01-0023,please try to verify.
9273,answers-20111108110329AAxl1pb_ans-0013,"you need to do that for a least a week, or else this type of territorial fighting will happen."
7147,newsgroup-groups.google.com_alt.animals_0084bdc731bfc8d8_ENG_20040905_212000-0188,Second-party endorsements
2649,email-enronsent25_01-0096,Kay Mann
6112,newsgroup-groups.google.com_civicamerican_22c54c292026bfd2_ENG_20060128_072400-0047,http://www.loveallpeople.org/theonereasonwhy.html and http://www.loveallpeople.org/theonereasonwhy.txt
2035,email-enronsent08_02-0043,Chris
7093,newsgroup-groups.google.com_alt.animals_0084bdc731bfc8d8_ENG_20040905_212000-0134,"$113m - Amount of total hard money the Bush-Cheney 2000 campaign received, a record."
4277,email-enronsent03_01-0031,Best regards
9209,answers-20111107211742AAHZaPe_ans-0053,It depends on what you hunger for.
10276,reviews-127252-0002,I've had writer friends describe horror stories with their printers.
2856,email-enronsent11_01-0109,"Thanks,"
10023,reviews-187875-0002,Can't you make a decent cup of coffee?
9063,answers-20111108103957AAcF3iZ_ans-0019,"BTW you dont want your leg locked in place, it will move WITH the horse a bit."
3060,email-enronsent15_01-0074,"If you do add all the entities, does that mean that we would not need to put in place a separate agreement for ECCL?"
5814,newsgroup-groups.google.com_FOOLED_1bf9cdc5a4c2ac48_ENG_20050904_130400-0014,Subject: Re: NASA IS A WASTE!
12093,reviews-220214-0007,In general I would say that the staff is attentive and nice.
12007,reviews-164805-0005,He showed me the car I was interested in and we took a test drive.
1495,weblog-blogspot.com_dakbangla_20050311135387_ENG_20050311_135387-0146,"According to at least some reports, Bin Laden rejected the suggestion of a closer alliance -- preferring to pursue his own concept of jihad."
8700,answers-20111108111107AAlrzok_ans-0010,How to prevent this ?
12048,reviews-330966-0003,"I have stayed in this hotel many times, and while it typically offers a decent bang for the buck, its client base largely consists of troubled youngsteers and evictees from the local, not so pleasant hood."
6752,newsgroup-groups.google.com_humanities.lit.authors.shakespeare_0018a7697318f71f_ENG_20031006_163200-0108,I swear that he might have twisted it off had I understood what it would mean to Garcia.
9585,answers-20111108065616AAKtL2c_ans-0015,"From 1998 onwards, from its inception Disney cruise has attracted many and continue to attract more and more."
8256,answers-20111108101024AANYJpw_ans-0014,A single call to CIC will confirm there is NO such thing as a BTA to Canada and anyone asking for this is a scammer http://www.cic.gc.ca/english/contacts/index.asp
2729,email-enronsent22_01-0064,I would appreciate the opportunity to visit with you on the 14th.
2427,email-enronsent17_01-0068,"Vince,"
3370,email-enronsent44_01-0001,"Hi everyone,"
11779,reviews-183518-0007,"There's plenty of parking, and I've never had an issue with audience members who won't stop talking or answering their cellphones."
1275,weblog-blogspot.com_alaindewitt_20060924104100_ENG_20060924_104100-0175,Do you search every ambulance after a few suicide murderers use ambulances to reach their targets?
3112,email-enronsent34_01-0039,I'd forgotten how blown away I was by some of the songs the first time I saw it in NY.
5596,newsgroup-groups.google.com_emails_ec0a1064de05e74b_ENG_20040929_023800-0032,Founder Paul Galvin came up with this name when his company started manufacturing radios for cars.
5276,email-enronsent33_01-0094,(See attached file: Sanders Letter 4_28_00.doc)
385,weblog-blogspot.com_alaindewitt_20040929103700_ENG_20040929_103700-0059,"Then, at his request, he was given permission to go."
7517,answers-20111108091609AAHOFa6_ans-0004,or do I need to reapply ?
5562,newsgroup-groups.google.com_alt.animals.bear_395d998336aec581_ENG_20031225_105300-0029,Mr. Crawford threw several punches at the assailant before he was stabbed in the heart.
440,weblog-blogspot.com_healingiraq_20050121235804_ENG_20050121_235804-0035,"Leaving aside the fact that this views conflicts with other historical examples in the region, Sunnis have never offered an alternative choice, which eventually leads one to guess that the opinion held by the Fallujan taxi driver above is precisely what they are planning to implement."
8367,answers-20111108073322AA27tkh_ans-0004,"The term renaissance is in essence a modern one that came into currency in the 19th century, in the work of historians such as Jacob Burckhardt."
11316,reviews-335225-0002,"After my trees were cleaned up, they gave me a jar of salsa."
12198,reviews-235423-0015,Lucky Panda in Willis is a billion times better in service and quality of the meal.
6807,newsgroup-groups.google.com_alt.animals_434fe80fb3577e8e_ENG_20031011_200300-0048,Paul McCartney said that George Harrison is a nothing.
56,weblog-blogspot.com_healingiraq_20040409053012_ENG_20040409_053012-0017,"Speaking of Fallujah, we have only Al-Jazeera to rely on for our news from there."
109,weblog-typepad.com_ripples_20040407125600_ENG_20040407_125600-0045,http://www.nea.fr/html/rp/chernobyl/c05.html
10877,reviews-128636-0002,David is the most helpful and creative photographer that I have used.
2683,email-enronsent22_01-0018,They are a great deal of fun.
9504,answers-20111107175720AAlb2TB_ans-0039,"We only had a few sunny days this summer, barely 24C on a few occasions, more like 14C most days."
2930,email-enronsent24_01-0065,"Thanks,"
4695,email-enronsent37_01-0035,"Tom Byargeon, Kevin Miller and Ken Loch in ENA are working with producers in the US involved in deep water offshore Louisiana/Texas oil and gas drilling projects."
1630,email-enronsent19_01-0046,Beth has made our reservations for the Round Table Friday night (5/18) at Sullivan's Steak House for 6:30.
10691,reviews-274106-0004,Their customer service was perfect!
6791,newsgroup-groups.google.com_alt.animals_434fe80fb3577e8e_ENG_20031011_200300-0032,"Paul has such a big inferiority complex as a man, due to his effeminate face, body and personality and due to his repressed homosexuality, that he found himself a handicapped woman with only one leg, so that he could stand out, being very conscious that a full woman would make him feel the superiority of virile men again, as Jane and Linda did."
1734,email-enronsent30_01-0024,"If you would, please review the entire list and let me know if you are in agreement with the presentation by tomorrow evening, if possible."
11164,reviews-314974-0006,Be sure to ring the little bell on your way out if you enjoyed your meal!
9471,answers-20111107175720AAlb2TB_ans-0006,We're both in our early 20s and just wanting to explore the beautiful country while we're still young and before our lives start to get even crazier!
2976,email-enronsent24_01-0111,Attached please find the latest enovate risk policy.
12068,reviews-107692-0007,I have gotten better results talking to COMCAST customer service than with these folks.
6144,newsgroup-groups.google.com_FOOLED_7554c5ce34a5a49e_ENG_20051012_144800-0029,The freeze thawed some after Yang's 2003 mission.
3811,email-enronsent10_01-0009,"That sounds like a BS excuse from ECS, but it that's what they are saying, let me know and we can figure out a solution."
8578,answers-20111108051456AAQJaXR_ans-0007,Molten brass is damn hot and usually it's pressurized gas and forced air or oxygen.
9764,answers-20111108104724AAuBUR7_ans-0048,The horse is not in pain.
11622,reviews-055207-0002,I have no doubt that the rescue is wonderful.
5404,newsgroup-groups.google.com_herpesnation_c74170a0fcfdc880_ENG_20051125_075200-0004,"One of my most cherished dualities is the understanding that we are both autonomous individuals with the power to shape our personal destinies and at the same time we are all one, that there is no separation between you and I, we are all together in this thing called life, we human beings, the birds and the tress, the rocks and the sky, all of it."
659,weblog-blogspot.com_dakbangla_20041016151002_ENG_20041016_151002-0033,"‘’There is much better tactical cooperation between our forces on both sides of the border, but the movement of Taliban still goes on both ways,’’ he adds."
3806,email-enronsent10_01-0004,"We will fight with them about who owes the $200k that James mentions below based on their failure to ""assist"" us in managing the cost."
1962,email-enronsent26_01-0030,"Thanks,"
8179,answers-20111108094504AAKrc8F_ans-0014,Have fun in New Zealand!!
3545,email-enronsent06_01-0094,Chris:
12078,reviews-187266-0006,Our friend is a world traveler and loves unpretentious dining experiences and inspired food.
12387,reviews-290594-0011,"You were clearly given another alternative by Second Home, to board him - which might have given your dog a chance to come and go from Second Home a couple times, getting used to the place and maybe facilitating another attempt to get into daycare later."
9094,answers-20111108111312AAq4ETn_ans-0020,Seince he recieved the fluids lastnight he said not to worry about drinking water for at least a couple of days.
10972,reviews-191666-0008,I'd recommend to save your time and energy and find another greek store.
3044,email-enronsent15_01-0058,Attached are the GCP Signoffs on EOL Approvals for 11/29/00 with GCP responses marked in Red.
4222,email-enronsent41_01-0096,"Tana,"
9643,answers-20111108065616AAKtL2c_ans-0073,but food is always available and it is consistently good.
7105,newsgroup-groups.google.com_alt.animals_0084bdc731bfc8d8_ENG_20040905_212000-0146,39 - Percentage of tax cuts that will go to the top 1 per cent of American families when fully phased in.
8490,answers-20111108090524AAofoXT_ans-0004,So I want to hire someone (or multiple people) to transport me to these shows.
2127,email-enronsent01_02-0042,Thanks for sharing this with me.
680,weblog-blogspot.com_dakbangla_20041016151002_ENG_20041016_151002-0054,Karzai categorically said that he has assured Musharraf repeatedly that any adverse action against Pakistan taken by Indian diplomats inside Afghanistan would be acted upon swiftly.
2689,email-enronsent22_01-0024,"Unfortunately, do to Mr. Lay's schedule he will not be able to participate."
4936,email-enronsent38_01-0129,Carol
153,weblog-juancole.com_juancole_20030911085700_ENG_20030911_085700-0026,"3) Make Iraq another Afghanistan, using the Republican Right's own tactics against them."
2462,email-enronsent17_01-0103,"Ed,"
3753,email-enronsent31_01-0024,Thanks again for taking the time to listen and talk with me.
5729,newsgroup-groups.google.com_misc.consumers_628669ce346c590d_ENG_20040527_065700-0012,"In the decade of the nineteen-eighties, my father, then vice-president of the United States of America, sought to work with the good offices of the President of the Republic of Iraq to regain lost oil revenue sources in the neighboring Islamic republic of Iran."
8833,answers-20111108092321AAK0Eqp_ans-0009,I didn't know that I didn't register him in the ridiculous amount of paperwork I had filled out in the hospital and was supposed to go to city hall within 90 days.
5602,newsgroup-groups.google.com_emails_ec0a1064de05e74b_ENG_20040929_023800-0038,The project eventually was terminated but Larry and Bob decided to finish what they started and bring it to the world.
2571,email-enronsent25_01-0018,"They showed some kids on TV, and they were quite taken with it."
6324,newsgroup-groups.google.com_alt.animals_02c2d614bfbf6b20_ENG_20050223_232900-0010,"After the major kill-offs, wolves outside of Alaska and Canada existed mostly as legend."
5304,email-enronsent33_01-0122,**********NOTE**********
210,weblog-juancole.com_juancole_20040604210986_ENG_20040604_210986-0007,"Have they, however, actually weakened Israeli security?"
808,weblog-blogspot.com_rigorousintuition_20060511134300_ENG_20060511_134300-0010,But the four planeloads of arms have vanished.
997,weblog-blogspot.com_rigorousintuition_20060511134300_ENG_20060511_134300-0199,They are doing it deliberately.
11660,reviews-036753-0007,"The next day i took it to 2 auto shops and they both told me the same thing,engine is junk."
7292,answers-20111106155648AAvG7DN_ans-0009,It only matters if you received an offer of employment or if you are currently working in New Zealand and used that job in your application to get your skilled migrant visa.
1287,weblog-blogspot.com_alaindewitt_20060924104100_ENG_20060924_104100-0187,It is trying to play ice hockey by sending a ballerina ice-skater into the ring or to knock out a heavyweight boxer by a chess player.
6358,newsgroup-groups.google.com_alt.animals_02c2d614bfbf6b20_ENG_20050223_232900-0044,"Wolf reintroduction in the northern Rockies has been so successful the Fish and Wildlife Service has moved to reduce the animal's status from endangered to threatened and, eventually, to remove it from the endangered species list altogether."
2940,email-enronsent24_01-0075,"I have a fax machine at home, though, if you prefer."
191,weblog-juancole.com_juancole_20040708181175_ENG_20040708_181175-0029,"He obviously had no idea what he was talking about, though he demonstrated a number of ill-fated instincts."
11670,reviews-034501-0005,It's an adorable little store filled with lots of stationery goodness.
6025,newsgroup-groups.google.com_GayMarriage_0ccbb50b41a5830b_ENG_20050321_181500-0004,Last year an organization named the North Carolina Religious Coalition for Marriage Equality was formed to get out the message that at least some people of faith are not opposed to extending the rights and responsibilities of civil marriage to same-gender couples.
3528,email-enronsent06_01-0077,- ld2d-#69377-1.XLS
11119,reviews-071518-0005,I was so impressed with the honesty and integrity of Mike and everyone at Eagle Transmission!
8397,answers-20111108111128AAwfype_ans-0021,I am not sure how well you planned this trip.
12472,reviews-053248-0004,"It's an entirely up and down experience, however."
1990,email-enronsent26_01-0058,Remarkably clear explanation.
7877,answers-20111108080049AAgT0iA_ans-0013,If the baby is feathered yet - which I'm sure he is mostly - he should be fine.
10188,reviews-257296-0005,It is a great course for local golfers to be proud of and all the comments in 2008 have been very positive!!
1008,weblog-blogspot.com_rigorousintuition_20060511134300_ENG_20060511_134300-0210,Almost all of the avant guard art movements of the early 20th Century (except for Italian Futurism) were labeled 'degenerate' by the National Socialists.
226,weblog-juancole.com_juancole_20040604210986_ENG_20040604_210986-0023,"Armed militias, many staffed by former Iraqi military men with substantial training and experience, have proliferated."
10258,reviews-162567-0003,"No matter what state I am in when I arrive, I always leave feeling better."
8057,answers-20111108111010AASEk0S_ans-0004,"from my understanding, if its heated from the bottom, my snake risks burning its belly if it burrows and rests directly on top of the glass over the heater unless i buy some of that reptile carpet to put under the substrate, but it has better heat distribution"
5337,email-enronsent33_01-0155,11/29/2000 10:45 AM
9995,reviews-262441-0002,Thoroughly recommended
6894,newsgroup-groups.google.com_misc.consumers_a534e32067078b08_ENG_20060116_030800-0070,"Iran, North Korea and China have been willing providers of state-of-the-art technologies."
9008,answers-20111107094641AATmyb6_ans-0003,I have been researching on line and find things are quite pricey but the tours look great.
3302,email-enronsent13_01-0046,Look forward to seeing pictures of the little ones.
5968,newsgroup-groups.google.com_Meditation20052_06390a5f75b2e1f2_ENG_20050316_091700-0015,Imagine the tension melting away as you continue breathing rhythmically and naturally.
10860,reviews-080221-0011,Well done to Brendan and the team!
11445,reviews-085980-0005,"After our meal, our server found us a table in the jazz club where we were informed it would be another $10/person to stay and listen to the band, despite the fact we had just finished a dinner there and were intending to enjoy their drink list."
1955,email-enronsent26_01-0023,We refer to licensed Fuel Cell Energy equipment.
9118,answers-20111108111312AAq4ETn_ans-0044,Did they do any x-rays?
2452,email-enronsent17_01-0093,"I am intrigued by the competition for trading platforms and was astonished to hear that Goldman, Morgan, BP and Shell were going to launch a site to compete with yours."
1311,weblog-blogspot.com_alaindewitt_20060924104100_ENG_20060924_104100-0211,"Now that Afghanistan, Iraq and Libya are out, two and a half terrorist states remain: Iran, Syria and Lebanon, the latter being a Syrian colony."
8108,answers-20111107193815AAhaJjy_ans-0006,"Today, it is the primary safety law affecting virtually all ships, regardless of country of registration."
2702,email-enronsent22_01-0037,Here are the dates:
5497,newsgroup-groups.google.com_Meditation20051_1027f5a3651d547c_ENG_20050316_085700-0021,Makes for easy delivery at childbirth.
3778,email-enronsent31_01-0049,Thanks
3330,email-enronsent13_01-0074,Marie
2679,email-enronsent22_01-0014,This past Thursday night our sixth grandchild was born.
2666,email-enronsent22_01-0001,Hello Janice:
4723,email-enronsent37_01-0063,the risk of losing business is far greater than the risk of a counterparty trying to get their premium back.
2459,email-enronsent17_01-0100,"After one month's full-bore effort, I'm pleased with the results (e.g., we forecast Nepool onpeak to be $43 and it turned out $46)."
8800,answers-20111108104352AASs5OZ_ans-0010,Any suggestions and helpful hints to make this a more positive experience would be extremely appreciated.
1484,weblog-blogspot.com_dakbangla_20050311135387_ENG_20050311_135387-0135,"In early June 2003, a CIA report concluded that the reason for Atta's and Zacarias Moussaoui's inquiries into cropdusters was in fact for the contemplated use in dispersing biological agents such as anthrax."
8513,answers-20111108083754AAEw5Xc_ans-0007,But if not just say no but i hope there is like one out there somewhere.
11398,reviews-047184-0002,The Award Dance Centre has moved from its Holderness Road site to a new complex on Chamberlain Road Hull.
54,weblog-blogspot.com_healingiraq_20040409053012_ENG_20040409_053012-0015,So what happened?
2400,email-enronsent17_01-0041,Can we get together Friday morning July 7 at 800 am at your office?
52,weblog-blogspot.com_healingiraq_20040409053012_ENG_20040409_053012-0013,"Mosques are calling for donating blood, food, and medicine for Fallujah, and several convoys have already headed out for Fallujah, most of them returned later though."
10775,reviews-047762-0001,My Favorite place at Wildwood
8127,answers-20111108101300AAIAKXN_ans-0007,It doesn't have to be underground it could be any type of music.
3028,email-enronsent15_01-0042,(Harrison) Kyle Jones Technical Solutions Engineer
9953,reviews-085424-0001,Cathy ******Five Stars for Lake Forest Tots.
1570,weblog-blogspot.com_dakbangla_20050311135387_ENG_20050311_135387-0221,"Second, hindsight is 20/20."
4329,email-enronsent03_01-0083,Khymberly Booth
8276,answers-20111108104551AAVAVQR_ans-0010,Then the environment.
12288,reviews-036133-0006,Well they came through and delivered almost all of my items within a few days.
6654,newsgroup-groups.google.com_humanities.lit.authors.shakespeare_0018a7697318f71f_ENG_20031006_163200-0010,"Petrarch meets LAURA: April 6, 1327 Monday"
1083,weblog-blogspot.com_rigorousintuition_20060511134300_ENG_20060511_134300-0285,"Tronicus, if you're still checking this thread:"
12311,reviews-026883-0009,"I spent $2300 on the bedroom suite, which was complete and excellent condition on the showroom floor."
7550,answers-20111107212131AACQ65F_ans-0017,anybody is open to answers but I would much prefere somebody with traveling experience.
6827,newsgroup-groups.google.com_misc.consumers_a534e32067078b08_ENG_20060116_030800-0003,Attack on Iran: A Looming Folly
2980,email-enronsent24_01-0115,- MEH-risk Oct 20.doc
3985,email-enronsent39_01-0087,You may want to discuss with Becky.
3019,email-enronsent15_01-0033,I think she likes her special room in your house.
446,weblog-blogspot.com_healingiraq_20050121235804_ENG_20050121_235804-0041,"Any government that assumes power after the elections also realises this, so not even Sistani is going to call the US to withdraw its troops, despite what he is saying now, not until they are ensured the insurgency is out of the picture, or that they have an alternative foreign power (in this case Iran) to back them up."
6109,newsgroup-groups.google.com_civicamerican_22c54c292026bfd2_ENG_20060128_072400-0044,"Rev. Bill McGinnis, Director http://www.LoveAllPeople.org and http://www.InternetchurchOfChrist.org"
5414,newsgroup-groups.google.com_herpesnation_c74170a0fcfdc880_ENG_20051125_075200-0014,There is no escape from the collective ocean we all swim in.
2882,email-enronsent24_01-0017,I'll be in tomorrow.
6467,newsgroup-groups.google.com_INTPunderground_b2c62e87877e4a22_ENG_20050906_165900-0022,The plain fact is that Bush has a sight more in the way of common humanity than a great many of his detractors.
2913,email-enronsent24_01-0048,I know that we address audit rights in the LLC agreement so this may not matter anyway if this is a right they already have.
2916,email-enronsent24_01-0051,Gregg
9365,answers-20111108110012AAK8Azy_ans-0018,You need to also provide a source a UVB lighting.
11140,reviews-010378-0007,Saying that I need to give him my address or else I have intimacy issues is not helpful.
8491,answers-20111108090524AAofoXT_ans-0005,"If they ask how much I'm willing to pay, what is a good price range?"
4078,email-enronsent14_01-0085,"Game 5: Sunday, June 17 @ 1:00PM vs. Utah STARZZ"
6770,newsgroup-groups.google.com_alt.animals_434fe80fb3577e8e_ENG_20031011_200300-0011,It will vanish and shrink.
8408,answers-20111108092029AAsHTYP_ans-0007,"However, I can say what features they would/could have."
11335,reviews-351058-0006,"in my opinon this place should be shut down by the health inspector, and anyone who is satisfied with there service and food has never eaten at a real asian restaurant."
6840,newsgroup-groups.google.com_misc.consumers_a534e32067078b08_ENG_20060116_030800-0016,"Should the United States undertake military action against Iran, the ramifications in Iraq would be immediate and extreme."
5324,email-enronsent33_01-0142,We are very concerned with providing services that are relevant to that environment.
1968,email-enronsent26_01-0036,"Do we intend to reference a particular manufacturer, or should this be more generic?"
1109,weblog-blogspot.com_alaindewitt_20060924104100_ENG_20060924_104100-0009,"You may regard my views as those of the proverbial taxi driver, which you are supposed to question, when you visit a country."
10547,reviews-069995-0004,"Anyway, once that is fixed, this place will be amazing."
7544,answers-20111107212131AACQ65F_ans-0011,"My parents do not like me, They constantly reassure me that they will throw me out of home when I turn 18."
12182,reviews-181748-0010,"For instance I asked who owned Mazda and he said with confidence that was GM, which isn't true."
3195,email-enronsent40_01-0044,07/17/2000 06:15 PM
10291,reviews-026641-0002,I am hiring them to come once a week now that they got my house to where they can maintain it for only an hour and a half every two weeks!
10179,reviews-267732-0008,Sandy
9359,answers-20111108110012AAK8Azy_ans-0012,"Any white light emitting light source will emit UVA, including heat bulbs, that's the easy one to provide for."
3307,email-enronsent13_01-0051,Take care
12274,reviews-333243-0006,"Asked why, Rod simply told me that he had to research how to do the amendment (it was an amended to show that I had purchased a home - nothing out of the ordinary, one would think) and that took time to figure out."
2212,email-enronsent42_01-0010,I was issued a new corporate American Express card.
8699,answers-20111108111107AAlrzok_ans-0009,He is really excited about anybody he see.
3821,email-enronsent10_01-0019,"Good point, but I'm comfortable we're covered because our bidders were all bidding on a chunk of capacity and primary points."
5411,newsgroup-groups.google.com_herpesnation_c74170a0fcfdc880_ENG_20051125_075200-0011,"We are only as strong as our weakest, we are only as healthy as the sickest amongst us- playing sports and being in the army taught me that lesson before I was finished being a teenager."
9303,answers-20111108110329AAxl1pb_ans-0043,"The difference is when the cat hisses, that means they are annoyed and they want the other cat to go away."
4789,email-enronsent37_01-0129,"Thank you,"
2053,email-enronsent08_02-0061,Will you please run a June NX3/NX1 for our book.
8818,answers-20111108104352AASs5OZ_ans-0028,"They may need foster homes for adult cats in different situations.. sick, recovering from surgery, need a little socialization, etc."
8361,answers-20111107193044AAvUYBv_ans-0022,"If they don't like it, it'll only be two days, remember?"
11360,reviews-247226-0005,Going back after graduating your told you get a discount on services nope you dont.
10993,reviews-292997-0006,"While it's not cheap, Alto will give you an experience you'll never forget."
969,weblog-blogspot.com_rigorousintuition_20060511134300_ENG_20060511_134300-0171,I wouldn't wonder too hard.
4258,email-enronsent03_01-0012,Kriste
6993,newsgroup-groups.google.com_alt.animals_0084bdc731bfc8d8_ENG_20040905_212000-0034,"750,000 - Tons of toxic waste the US military, the world's biggest polluter, generates around the world each year."
721,weblog-juancole.com_juancole_20040823064025_ENG_20040823_064025-0018,"The history of alcoholism and possibly other drug use is a key issue because it not only speaks to Bush's character as an addictive personality, but may tell us something about his erratic and alarming actions as president."
5963,newsgroup-groups.google.com_Meditation20052_06390a5f75b2e1f2_ENG_20050316_091700-0010,"Your breathing should be calm and relaxed, through the nose."
8465,answers-20111107144339AA0qw5S_ans-0016,Barn brack and the ring.
8780,answers-20111108102428AAMzXRG_ans-0025,We have two.
9405,answers-20111108092643AAXe4lD_ans-0018,A couple of months after I got parakeets/budgies.
1762,email-enronsent30_01-0052,"Jason Choate excellent $60,008"
10310,reviews-112661-0005,We also had the BBQ Spare Ribs.. good also.
12432,reviews-043020-0017,YOU GET WHAT YOU PAY FOR!!!
1113,weblog-blogspot.com_alaindewitt_20060924104100_ENG_20060924_104100-0013,"I refer to the entire area between Pakistan and Morocco, which is predominantly Arab, predominantly Moslem, but includes many non-Arab and also significant non-Moslem minorities."
2558,email-enronsent25_01-0005,Your mom just called and said your dad's surgery will be at 2:30 p.m.
6082,newsgroup-groups.google.com_civicamerican_22c54c292026bfd2_ENG_20060128_072400-0017,President Bush loves him.
11609,reviews-170650-0011,The ability to smile and eat again can only be described as a whole new lease on life.
10400,reviews-004574-0002,This restaurant is over-rated.
578,weblog-blogspot.com_dakbangla_20050210141134_ENG_20050210_141134-0026,"As most of them have few technical skills, and the Andamans have little demand for them in any case, they turn to smuggling and other unlawful activities."
4504,email-enronsent35_01-0100,"I know we talked about these issues earlier, but Tiger's lawyers want to get everything agreed in writing now so final docs can be issued for signing, even if we are the one's issuing the gtee and l/c."
12226,reviews-345182-0012,She asked me to bring the original piece back and I told her I had to use it on the job.
7275,answers-20111108083309AAg9jwT_ans-0005,please help me..and what should i do to fix this problem?
11237,reviews-074896-0001,Excellent service
6040,newsgroup-groups.google.com_GayMarriage_0ccbb50b41a5830b_ENG_20050321_181500-0019,---------------------------
6582,newsgroup-groups.google.com_magicworld_04c89d43ff4fd6ea_ENG_20050104_152000-0043,"For much of 2005, you'll be putting your nose to the grindstone."
5034,email-enronsent43_01-0096,"Also, revenues for the shippers acquiring released volumes from PGE at rates above TW's tariff rates were adjusted accordingly."
7359,answers-20111108092738AA2dtyW_ans-0011,Swiffer or any type of micro-fiber cloth is excellent.
10000,reviews-004540-0005,Definitely recommend!
4330,email-enronsent03_01-0084,Ryan Seleznov
5109,email-enronsent07_01-0031,"Davis spokesman Steve Maviglio said the governor felt ""betrayed"" by the actions of Winter."
8069,answers-20111106215236AAycANO_ans-0001,What are good places to eat brunch at? ?
7870,answers-20111108080049AAgT0iA_ans-0006,"She feeds well the baby on her own, the baby is ok but she does not go in the nest to stay with him at night..."
825,weblog-blogspot.com_rigorousintuition_20060511134300_ENG_20060511_134300-0027,"Like the tens of billions of dollars that have been ""lost"" in Iraq, planeloads of arms don't just ""vanish""; not when the Pentagon contracts the work to an international criminal of Bout's untouchable stature."
4343,email-enronsent03_01-0097,Peer reviews are currently been gathered on the above.
7300,answers-20111106153454AAgT9Df_ans-0008,BEST PLACE EVER!!!!!!!!!!!!
480,weblog-blogspot.com_rigorousintuition_20050518101500_ENG_20050518_101500-0020,"Posada's crimes, on the other hand, must seem like ancient history, especially to a people who don't know their history."
3598,email-enronsent16_01-0044,"Yes, we should add compliance with OTC Derivatives and/or Commodity Contracts and Qualified Party requirements of the Securities Act (Alberta), Securities Act (British Columbia) and Securities Act (Ontario)."
5653,newsgroup-groups.google.com_GuildWars_086f0f64ab633ab3_ENG_20041111_173500-0038,There are no other requirements other than we ask that members greet each new member and each new alliance and also feel free to post in any of the forums.
2229,email-enronsent42_01-0027,Sorry about the flooding.
33,weblog-juancole.com_juancole_20051126063000_ENG_20051126_063000-0034,Now the Electoral Commission is refusing to punish people for mere past Baath Party membership.
11077,reviews-192713-0005,I especially liked the Eco friendly atmosphere and the owners love of all animals.
10249,reviews-201972-0006,I think they may even be better than the pair I have been using this past year!
1362,weblog-blogspot.com_dakbangla_20050311135387_ENG_20050311_135387-0013,"According to Director of Central Intelligence George Tenet, al Qaeda’s ability to conduct an anthrax attack is one of the most immediate threats the United States is likely to face."""
501,weblog-blogspot.com_rigorousintuition_20050518101500_ENG_20050518_101500-0041,They needed someone that could convince the jury they had been able to see all relevant documents in CIA files on Wilson.
1819,email-enronsent09_01-0044,It should be 4 - easy.
9870,reviews-068009-0003,"As a qualified criminal defense attorney, he will work every possible legal ""angle"" (leaving no stone unturned) of your case to achieve the most favorable result possible."
3079,email-enronsent34_01-0006,Sorry I haven't written you guys in a while to keep you properly updated.
6503,newsgroup-groups.google.com_INTPunderground_b2c62e87877e4a22_ENG_20050906_165900-0058,I do know that this will change the face of America.
8036,answers-20111108102133AAwVd7m_ans-0008,This one is better for rats.
2979,email-enronsent24_01-0114,<<MEH-risk Oct 20>>
4466,email-enronsent35_01-0062,Sara
5720,newsgroup-groups.google.com_misc.consumers_628669ce346c590d_ENG_20040527_065700-0003,Subject: IMMEDIATE ATTENTION NEEDED:
3416,email-enronsent44_01-0047,"I would like to informally get together with you on Wednesday, July 18 at 11:45 am - 1:00 pm (max) to talk about your recruiting experience with Enron Canada."
4917,email-enronsent38_01-0110,Will fax.
11884,reviews-288100-0007,"Save yourself the trouble, money and time and visit a more caring facility/doctor."
5165,email-enronsent07_01-0087,We should resurrect Mike Smith's note and get him on the call in the attempt to avoid recreating the wheel on this one.
6361,newsgroup-groups.google.com_alt.animals_02c2d614bfbf6b20_ENG_20050223_232900-0047,"On Jan. 31, Oregon Federal District Court Judge Robert E. Jones appeared to agree with them."
1236,weblog-blogspot.com_alaindewitt_20060924104100_ENG_20060924_104100-0136,"It was Joseph Goebbels who said that if you repeat a lie often enough, people will believe it."
10106,reviews-249123-0004,It wasn't until he gave up and walked out the door that someone asked Can I help you.
4929,email-enronsent38_01-0122,It simply refers to the same ICC publication for the transfer process that governs the letter of credit generally.
6035,newsgroup-groups.google.com_GayMarriage_0ccbb50b41a5830b_ENG_20050321_181500-0014,"Sign-up lists will be available at the services on Feb. 27 and March 6, or you can email me."
662,weblog-blogspot.com_dakbangla_20041016151002_ENG_20041016_151002-0036,At the same time the US remains oblivious of the serious problems and political fallout which the army is facing in its operations in Waziristan.
6869,newsgroup-groups.google.com_misc.consumers_a534e32067078b08_ENG_20060116_030800-0045,"Its maximum low-altitude speed is Mach 2.2, some three times faster than the American-made Harpoon."
3108,email-enronsent34_01-0035,Send instant messages & get email alerts with Yahoo! Messenger.
2630,email-enronsent25_01-0077,Here's the version showing revisions.
1341,weblog-blogspot.com_alaindewitt_20060924104100_ENG_20060924_104100-0241,"If by democracy we mean free elections but also free press, free speech, a functioning judicial system, civil liberties, equality to women, free international travel, exposure to international media and ideas, laws against racial incitement and against defamation, and avoidance of lawless behavior regarding hospitals, places of worship and children, then yes, democracy is the solution."
2340,email-enronsent12_01-0052,"Can you tell the free world just what enabled women here to achieve this reversal of roles?"""
5021,email-enronsent43_01-0083,Any thoughts?
3805,email-enronsent10_01-0003,"We had a pretty good idea when we signed the contract that ECS would not be able to complete that by the contract start date, so we negotiated a fall back plan under which ECS is obligated to ""assist [Transwestern] in developing a manual system to accomplish the same result and will hold harmless and keep [Transwestern] whole for all cost and expenses"" associated with the manual system."
5453,newsgroup-groups.google.com_eHolistic_417b09016150421f_ENG_20051120_175800-0024,Revolutionary Compensation
6951,newsgroup-groups.google.com_misc.consumers_a534e32067078b08_ENG_20060116_030800-0127,"Karl Rove, Bush's most senior advisor, notoriously told Republicans on the ballot during the 2002 midterms to ""run on the war."""
3291,email-enronsent13_01-0035,Nick:
227,weblog-juancole.com_juancole_20040604210986_ENG_20040604_210986-0024,"The US chose to ally itself with such groups as the Supreme Council for the Islamic Revolution in Iraq, whose 15,000-strong Badr Corps paramilitary was trained by the Iranian Revolutionary Guards."
2455,email-enronsent17_01-0096,I'm very proud of what we've done.
1862,email-enronsent27_01-0003,I was originally inquiring about purchasing a Cross or Signac impressionist lithograph.
8421,answers-20111108092029AAsHTYP_ans-0020,"So crossed to a Sussex you could get a walnut, pea, rose, or single combed bird."
516,weblog-blogspot.com_rigorousintuition_20050518101500_ENG_20050518_101500-0056,"Sheriff's deputies in Louisiana made a third arrest Wednesday in the ongoing investigation of a case involving allegations of sexual abuse of children and animals at a Ponchatoula, La., church."
5587,newsgroup-groups.google.com_emails_ec0a1064de05e74b_ENG_20040929_023800-0023,Intel
6424,newsgroup-groups.google.com_alt.animals_0e65f540816d780c_ENG_20041116_124800-0043,"As with so much climate research, not everyone agrees with these dire predictions."
5232,email-enronsent33_01-0050,Please give me a call if you would like to discuss.
668,weblog-blogspot.com_dakbangla_20041016151002_ENG_20041016_151002-0042,"With the Taliban failure to disrupt the Afghan elections, the militants are even more isolated from the mainstream Taliban who want to return home."
3954,email-enronsent39_01-0056,Those who show up with complaints but cannot point to specifics are virtually ignored.
1632,email-enronsent19_01-0048,Paula
7940,answers-20111108084355AAvLpRa_ans-0003,Or even N-DS or PSP.
2433,email-enronsent17_01-0074,How can we arrange it?
9476,answers-20111107175720AAlb2TB_ans-0011,And then there’s the rain.
3379,email-enronsent44_01-0010,"John, Karim,"
4245,email-enronsent41_01-0119,Any chance we can get together for dinner Saturday eve.?
9336,answers-20111107092617AAgKm4X_ans-0030,"Instead he pulled the military off, stopped the bombing of North Vietnam, withdrew from the presidential race, and spent the rest of his term in office trying to surrender to North Vietnam."
8722,answers-20111108064026AA86V9T_ans-0001,What sort of Hotel could I expect to find in New Delhi/Agra/Varanasi for rs500 per night?
5880,newsgroup-groups.google.com_eHolistic_2dd76f31ceb6bfe8_ENG_20050513_224200-0019,"You can check that out as well, to confirm that this is all real, and for a worthy cause."
2594,email-enronsent25_01-0041,the place: EB 3143C
12144,reviews-278775-0008,"Well we have been working with Ulistic for 1.5 months, and have 100 people following our site on Facebook, and our web site, www.designofashion.com has seen a 3 fold increase in traffic, which is significantly beating our expectations - SEO is a process that takes time and to get results this quickly is exceptional."
4654,email-enronsent05_02-0091,"In which case, the only cost to Enron is the internal cost incurred to understand better the risks of getting fingered."
622,weblog-blogspot.com_dakbangla_20050210141134_ENG_20050210_141134-0070,"The Ten Degree Channel divides the Andamans, which are the larger and more heavily populated northern islands, from the 20 or so Nicobar Islands in the south."
1503,weblog-blogspot.com_dakbangla_20050311135387_ENG_20050311_135387-0154,Senator Leahy was Chairman of both the Judiciary Committee overseeing the FBI and Appropriations Subcommittee in charge of foreign aid to these countries.
1539,weblog-blogspot.com_dakbangla_20050311135387_ENG_20050311_135387-0190,"Although while in jail in the early 1980s, Zawahiri caused considerable tension by challenging the blind sheik's ability to lead a coalition of the Egyptian Islamic Jihad and the Egyptian Islamic Group, Zawahiri and OBL are Rahman's friends."
8644,answers-20111108100419AAKZvMH_ans-0004,"But today, I got a boy and realized that he is HUGE!"
3396,email-enronsent44_01-0027,If this is the case I would like someone to walk me through June to see if the numbers did really work themselves out as there was a large swing in second order on June 29 that was not adjusted for.
9002,answers-20111108111031AARG57j_ans-0037,He will learn to really like this.
8260,answers-20111108101024AANYJpw_ans-0018,No.
10769,reviews-317594-0003,I'ma guy with tricky hair so getting that right is job #1.
6719,newsgroup-groups.google.com_humanities.lit.authors.shakespeare_0018a7697318f71f_ENG_20031006_163200-0075,1580 Catherine de Medici of France is a keen chess player.
8585,answers-20111108051456AAQJaXR_ans-0014,"I bet you also did take charcoal as it is used for barbecue which does not get as hot as real coal (e.g. for blacksmithing one needs coal, not barbecue charcoal)."
249,weblog-blogspot.com_dakbangla_20041119231111_ENG_20041119_231111-0002,But there are strong hints in the country that a new Indo-Sri Lanka defense deal could be in the making.
8519,answers-20111108083754AAEw5Xc_ans-0013,"2. Short of chartering your own ship and crew, I don't see any way you could customize your own itinerary."
2483,email-enronsent36_02-0014,Joe
9641,answers-20111108065616AAKtL2c_ans-0071,Obviously they had a full beverage list including alcohol for adults who wanted it.
8710,answers-20111108111107AAlrzok_ans-0020,Patience is the key here.
5330,email-enronsent33_01-0148,Gerry Strathmann eCommerce Group American Arbitration Association (978) 376-9004 303-294-4499
9635,answers-20111108065616AAKtL2c_ans-0065,There is a splash fountain (no standing water) for little ones still in diapers; Next is a wading pool for those who are potty trained; Then a family pool; Finally there is a pool for adults only with kids not allowed.
12493,reviews-211797-0002,At my appointment the girl helping me was unable to adequately lace up some of the dresses.
2682,email-enronsent22_01-0017,So we now have three grandsons and three granddaughters ranging from about 2 years - 4 months down to a few days.
7495,answers-20111108072912AAccket_ans-0006,"If no, you'll have to go to one of the train stations."
6792,newsgroup-groups.google.com_alt.animals_434fe80fb3577e8e_ENG_20031011_200300-0033,This is something that his ego trip of lucky bad musician could not face anymore....
7202,answers-20111108091950AAA0Xg5_ans-0006,Merrist Wood (I'm there on a NVQ equine course) do HND in equine management.
402,weblog-blogspot.com_alaindewitt_20040929103700_ENG_20040929_103700-0076,We should know as much as we can.
6090,newsgroup-groups.google.com_civicamerican_22c54c292026bfd2_ENG_20060128_072400-0025,"That is what is about to happen with Judge Samuel Alito, in my opinion, because he has one tragic flaw - a very serious blind spot in his thinking - which makes him completely unacceptable for the position of Supreme Court Justice: He does not really agree with the system of ""Checks and Balances"" built into the Constitution, and he is ready to start tearing it down in order to follow the ""Unitary Executive Theory,"" which calls for vastly-increased Presidential Power at the expense of Congress and the Supreme Court."
10855,reviews-080221-0006,Overall Hino finance dealer of the year.
448,weblog-blogspot.com_healingiraq_20050121235804_ENG_20050121_235804-0043,"I would suggest going for tribal Sheikhs rather than clerics, since they have the upper hand in their areas and can effectively root out any Ba'athists in their midst in return for a promise of sharing power and authority."
6364,newsgroup-groups.google.com_alt.animals_02c2d614bfbf6b20_ENG_20050223_232900-0050,"Regardless of the wolf's legal status, its future expansion into new areas now seems likely."
5792,newsgroup-groups.google.com_IndiaNewsWindow_1405662573fa84ed_ENG_20050831_110400-0041,Mobilising
11045,reviews-063347-0005,"This is a busy group of hosts they are also running a restaurant, which also must be wonderful - so just ask for what you need, and I'm sure they will do their best to be hospitable."
8862,answers-20111107155912AAS93e5_ans-0009,please specify which royal or carnival ship (:
10781,reviews-047762-0007,We prefer the layout of rooms and it is always clean.
9736,answers-20111108104724AAuBUR7_ans-0020,He eats all of his grain but it just takes him a while to get it chewed because of the lack of muscle in his jaws.
279,weblog-blogspot.com_dakbangla_20041119231111_ENG_20041119_231111-0032,"The Tigers' chief ideologue, Balasingham, sniffed at the proposal saying that ""a solution to the ethnic conflict cannot be predetermined by the resolutions or declarations of donor conferences, but has to be negotiated by the parties in conflict without the constraints of external forces."""
5230,email-enronsent33_01-0048,(b) Is it right that Enron has 3 sets of bad faith proceedings in Texas?
7704,answers-20111108080100AAJHNUK_ans-0006,Any programs that you use please list :) Thx
7170,newsgroup-groups.google.com_alt.animals_0084bdc731bfc8d8_ENG_20040905_212000-0211,"187 - Number of Bush-Cheney fund-raisers who had earned Ranger status (by raising $200,000 each) as of March 2004."
749,weblog-juancole.com_juancole_20040823064025_ENG_20040823_064025-0046,He would wear khaki trousers and some old jacket.
5226,email-enronsent33_01-0044,mb
5131,email-enronsent07_01-0053,"They began to withhold power from California, and on Dec. 7 the ISO declared its first Stage 3 emergency and braced for blackouts, which were narrowly averted."
6381,newsgroup-groups.google.com_alt.animals_02c2d614bfbf6b20_ENG_20050223_232900-0067,E-mail: sciencem...@upi.com
4890,email-enronsent38_01-0083,lemelpe@NU.COM
2055,email-enronsent08_02-0063,How about meeting at 11:30 or 12?
6221,newsgroup-groups.google.com_alt.animals.cat_01ff709c4bf2c60c_ENG_20040418_040100-0057,Heisenberg wasn't sure.
9263,answers-20111108110329AAxl1pb_ans-0003,help!?
10199,reviews-366586-0005,"My husband has been a professional chef, so he is a good judge of quality food."
929,weblog-blogspot.com_rigorousintuition_20060511134300_ENG_20060511_134300-0131,Bush successfully makes Satan look good in comparison.
9343,answers-20111107092617AAgKm4X_ans-0037,"In that, they pretty much succeeded."
1799,email-enronsent09_01-0024,"Essie,"
7965,answers-20111108105919AAHXkZF_ans-0014,Ive had cats for 35 years and the oldest cat I've ever had was a 23 year old female and she was exceptional.
1944,email-enronsent26_01-0012,"October 4, ENA orientation in the am."
1579,weblog-blogspot.com_dakbangla_20050311135387_ENG_20050311_135387-0230,The judge had agreed to delay the civil rights matter from proceeding until at least October 2004.
10072,reviews-063549-0006,If you want great food then L'espalier is the place to go.
2852,email-enronsent11_01-0105,Sent by: Ernie Simien
544,weblog-blogspot.com_rigorousintuition_20050518101500_ENG_20050518_101500-0084,I was searching for dog food info and found this post.
839,weblog-blogspot.com_rigorousintuition_20060511134300_ENG_20060511_134300-0041,"When victims and witnesses stay silent, nothing changes."
5060,email-enronsent43_01-0122,"Questar may be able to purchase material, but some of the items can have up to a 60 day delivery."
3546,email-enronsent06_01-0095,"As we discussed yesterday, Laird and I spoke and we think that the presentation is good to go for Thursday."
8602,answers-20111108104206AAygiaE_ans-0010,Its not fair if some people have to go without buying food because no place will provide suitable food for them.
1580,weblog-blogspot.com_dakbangla_20050311135387_ENG_20050311_135387-0231,"The judge, frustrated by the apparent lack of progress, encouraged that the parties reach a negotiated compromise that would permit some limited discovery to proceed (and the judge has directed that the government to file an Answer to the Complaint)."
7543,answers-20111107212131AACQ65F_ans-0010,I want to go travelling.
7685,answers-20111107194805AAdINwt_ans-0009,Buy a ticket for Paris.
964,weblog-blogspot.com_rigorousintuition_20060511134300_ENG_20060511_134300-0166,The following quote is from that Coogan article:
6936,newsgroup-groups.google.com_misc.consumers_a534e32067078b08_ENG_20060116_030800-0112,"In the worst-case scenario, the newly-minted American order of battle requiring the use of nuclear weapons to rescue a surrounded and imperiled force could come into play, hurling the entire planet into military and diplomatic bedlam."
3605,email-enronsent16_01-0051,Regards
3639,email-enronsent16_01-0085,Dave
5398,newsgroup-groups.google.com_hiddennook_04d8cc994875d454_ENG_20050207_012300-0019,Selah.
12208,reviews-086839-0009,"Nope, none of the above."
2656,email-enronsent25_01-0103,Peggy Banczak is the ENA lawyer who handles Mexico.
6278,newsgroup-groups.google.com_alt.animals.bears_1125853b1f13cff6_ENG_20040126_171100-0053,STEP THREE:
9636,answers-20111108065616AAKtL2c_ans-0066,You will never be so spoiled in your life as you are on a Disney Cruise.
8901,answers-20111108102445AA5mfrq_ans-0009,So I can start saving now hehe
3959,email-enronsent39_01-0061,"(Even though he has bigger things to do in D.C., this is his legacy and he recognizes that if deregulation does not work in Texas, the repercussions could be global.)"
11239,reviews-074896-0003,"Previous reviewers said they were pushy and I can understand that, but I find the staff more helpful than anything else."
7726,answers-20111108105400AASqPIh_ans-0008,Would you choose the cheapest brakes for your expensive race car or maybe the cheapest parachute too?
2955,email-enronsent24_01-0090,"However, he did suggest a couple slight revisions to protect Enron's interests."
3415,email-enronsent44_01-0046,"OK, now that I've got your attention - I really am offering free lunch!"
9071,answers-20111108103957AAcF3iZ_ans-0027,"maybe a back brase will help, sometimes my back really gets to me and i've thought about getting one."
9410,answers-20111108092643AAXe4lD_ans-0023,They can do tricks and they arent messy.
9030,answers-20111107094641AATmyb6_ans-0025,"There isn't much to see in the delta, it's a lifestyle not a resort area."
10483,reviews-305187-0004,Food was excellent.
3504,email-enronsent06_01-0053,"All the outside participants will be prompted to enter their access code, which is 600-480."
2611,email-enronsent25_01-0058,I will manage client expectations accordingly.
11022,reviews-049766-0010,I hope to be back!
11998,reviews-018548-0010,"anyways, the mezza luna: you should try it."
7462,answers-20111108082505AAtbdh9_ans-0007,and yeaa...
12435,reviews-363685-0001,"Lots of rules, phantom innkeeper, last minute price was worth it."
236,weblog-juancole.com_juancole_20040604210986_ENG_20040604_210986-0033,"Iraqi cities such as Fallujah and Ramadi were on the truck route from Amman to Baghdad, and so came under the influence of the Salafi movement, which is popular in Jordan."
10659,reviews-164580-0002,"I used to eat at places like New China or Green Buffet in Troy, MO - nothing terrible but not that great."
3193,email-enronsent40_01-0042,I think it's a good idea since the provisional application is on file - Travis is the internal lawyer who has taken care of the patent application so he will have better ideas for where the words should be placed and appropriate look and feel (I would guess near the copyright notice and roughly equivalent size).
1199,weblog-blogspot.com_alaindewitt_20060924104100_ENG_20060924_104100-0099,"Unfortunately, it seems that Europe will understand it only after suicide murders arrive in Europe in a big way."
1142,weblog-blogspot.com_alaindewitt_20060924104100_ENG_20060924_104100-0042,"The events of the last few years have amplified four issues, which have always existed, but have never been as rampant as in the present upheaval in the region."
9184,answers-20111107211742AAHZaPe_ans-0028,A little mellow dramatic?
2003,email-enronsent08_02-0011,When she dances she makes the band skip.
1547,weblog-blogspot.com_dakbangla_20050311135387_ENG_20050311_135387-0198,"The ""Federal Eagle"" stamp used in the anthrax mailings was a blue-green."
4345,email-enronsent03_01-0099,In addition they will be contacting you to discuss their participation in projects outside their rotation.
9287,answers-20111108110329AAxl1pb_ans-0027,this is not good.
3861,email-enronsent10_01-0059,DENISE LAGESSE
3499,email-enronsent06_01-0048,Lara
4548,email-enronsent35_01-0144,These are to some extent country or market specific.
3691,email-enronsent02_01-0025,reconciliation of stock movements between 23rd and 30th sample tests of vanilla forward transactions
8153,answers-20111106144630AAadR8l_ans-0007,To save money Robert McNamara ordered that the ammunition for the new M-16s being sent to SEA in the early 60s use an older (dirtier) type of gunpowder meant for use with the M-14.
6064,newsgroup-groups.google.com_GayMarriage_0ccbb50b41a5830b_ENG_20050321_181500-0043,--
12028,reviews-338429-0013,"Short time later the guy would leave, then the girl."
11289,reviews-315763-0003,"The management from Julie and Janice to the work staff, esp. Edwin, are just wonderful."
7319,answers-20111107194625AAAUBXm_ans-0002,Ok.
10865,reviews-090136-0003,"If you want perfectly executed simple dishes that feature a few exquisite ingredients, you'll love Vetri."
6611,newsgroup-groups.google.com_magicworld_04c89d43ff4fd6ea_ENG_20050104_152000-0072,You'll find practical ways of increasing your effectiveness in the world by gaining new skills that allow you to live more abundantly.
9210,answers-20111107211742AAHZaPe_ans-0054,700f jobs aren't advertised.
4081,email-enronsent14_01-0088,"Game 8: Monday, July 2 @ 7:30PM vs. Portland FIRE"
10660,reviews-164580-0003,"Now, I won't eat fast food Chinese unless it's from this place."
7382,answers-20110721164531AA3BGSJ_ans-0021,lol they really aren't that much worse than me
8264,answers-20111108101024AANYJpw_ans-0022,"There is no such thing as a BTA or ""Basic Travel Allowance""-this is 100% a scam-as the first poster said,cut off any and all contact with this person-they are NOT who or what they are claiming to be."
1776,email-enronsent09_01-0001,I need to check something in 969's 2000 tax return.
8489,answers-20111108090524AAofoXT_ans-0003,"The place where I'm boarding is not likely to want to take me this far, and I do not have any ways of hauling him myself."
493,weblog-blogspot.com_rigorousintuition_20050518101500_ENG_20050518_101500-0033,"Another connection to Philippine terror and weapons smuggling- dating from the 1980s- is alleged in the book Disposable Patriot, by Jack Terrell."
8402,answers-20111108092029AAsHTYP_ans-0001,What would you get if you cross a sussex male and a silkie female?
8850,answers-20111108092321AAK0Eqp_ans-0026,I add that in because there have been some people who have tried to claim citizenship by sending for their birth certificate when they were never really born in Canada or to Canadian parents.
11155,reviews-156460-0006,I am made to feel special when I am in the chair and I have NEVER had a less than amazing cut or color experience.
6028,newsgroup-groups.google.com_GayMarriage_0ccbb50b41a5830b_ENG_20050321_181500-0007,"A measure to amend the NC Constitution to ban gay marriage was defeated last year but already has been reintroduced in the 2005 legislative session, so there is a real need for visible support for the “pro-same-gender-marriage” side of this issue."
3913,email-enronsent39_01-0015,"To reserve one of these rooms, you must inform the Wyndham staff that you are part of the CAEM group."
6548,newsgroup-groups.google.com_magicworld_04c89d43ff4fd6ea_ENG_20050104_152000-0009,"If you want to start a new creative project or business venture, your imagination will be working overtime."
8080,answers-20111106215236AAycANO_ans-0012,"If you'd rather dine at home, simply call in your order with our take-out service."
11221,reviews-011257-0001,It was a Saturday and my spring was broken...
1350,weblog-blogspot.com_dakbangla_20050311135387_ENG_20050311_135387-0001,Zawahiri was associated with a faction of the Egyptian Islamic Jihad known as the Vanguards of Conquest.
6906,newsgroup-groups.google.com_misc.consumers_a534e32067078b08_ENG_20060116_030800-0082,"More significantly, China holds a large portion of the American economy in the palm of its hand."
7627,answers-20111108103930AA7FPhc_ans-0004,thanks d
5369,newsgroup-groups.google.com_alt.animals.badgers_172dcd8baf26948f_ENG_20040823_121900-0015,"People like this will never have my sympathy, nor do they deserve my sympathy."
4083,email-enronsent14_01-0090,"Game 10: Sunday, July 8 @ 1:00PM vs. Cleveland ROCKERS"
7278,answers-20111108083309AAg9jwT_ans-0008,Put the camera on manual focus and set focus to infinity
4976,email-enronsent43_01-0038,"After execution, we will forward a final copy to you for your files."
6957,newsgroup-groups.google.com_misc.consumers_a534e32067078b08_ENG_20060116_030800-0133,"Logic says no, but logic seldom plays any part in modern American politics."
9276,answers-20111108110329AAxl1pb_ans-0016,"put her back in the room, and keep the door closed for a week."
2041,email-enronsent08_02-0049,Just a reminder to send me a currency report.
2805,email-enronsent11_01-0058,"Oh, Jeff Sherrar has a new book out."
3571,email-enronsent16_01-0017,Can one of you give me a quick call to discuss .
11937,reviews-216456-0003,Unfortunalty my husband and I had to put our 13 year old lab down that morning and we were not expecting this.
6305,newsgroup-groups.google.com_alt.animals.bears_1125853b1f13cff6_ENG_20040126_171100-0080,Save your new notepad file as a text file.
4296,email-enronsent03_01-0050,I agree with what the concern is below.
9344,answers-20111107092617AAgKm4X_ans-0038,"Before Tet, the war was unpopular but tolerable to the majority of Americans in that the loss of American lives was seen as the cost of subduing the VC and NVA."
10424,reviews-039856-0005,How these guys can get away with being so rude with people is mind blowing.
2883,email-enronsent24_01-0018,"I have a fax machine at home, though, if you prefer."
10307,reviews-112661-0002,I wanted to try someplace new again.
91,weblog-typepad.com_ripples_20040407125600_ENG_20040407_125600-0027,http://www.ibrae.ac.ru/IBRAE/eng/chernobyl/nat_rep/nat_repe.htm#24
8462,answers-20111107144339AA0qw5S_ans-0013,I my self am one but appreciate that the organization is unlikely to make into the 22nd century.
11995,reviews-018548-0007,"it usually takes 20mins for a mezza luna, as they have to add pure delicious extract to the mix."
11804,reviews-181771-0004,I asked her who she worked with and she just told me ti was the sales manager.
4526,email-enronsent35_01-0122,Got to get back to work!
389,weblog-blogspot.com_alaindewitt_20040929103700_ENG_20040929_103700-0063,A 1970 evaluation said Bush “clearly stands out as a top notch fighter interceptor pilot” and was “a natural leader whom his contemporaries look to for leadership.”
7853,answers-20111108090913AAf83Jh_ans-0014,The laser is made into the hand grip and has a switch on the side to turn it on.
5444,newsgroup-groups.google.com_eHolistic_417b09016150421f_ENG_20051120_175800-0015,This proprietary Gel Suspension technology makes possible single serving packets of Gelceuticals.
11367,reviews-120335-0002,This store is proof that you can fool people with good advertising.
10341,reviews-219262-0007,Absolutely a wonderful company.
3303,email-enronsent13_01-0047,I know you all are going to have so much fun with them.
4951,email-enronsent43_01-0013,"Thanks,"
460,weblog-blogspot.com_healingiraq_20050121235804_ENG_20050121_235804-0055,"Even partition is not a possibility, there are no clear borders between the two."
11913,reviews-229410-0010,WHAT IS THAT?????
6515,newsgroup-groups.google.com_INTPunderground_b2c62e87877e4a22_ENG_20050906_165900-0070,Response coming soon.
6013,newsgroup-groups.google.com_Meditation20052_06390a5f75b2e1f2_ENG_20050316_091700-0060,"Continue for as long as you like, then open your eyes."
9195,answers-20111107211742AAHZaPe_ans-0039,"At the moment there's no interest, but that'll probably change."
4103,email-enronsent14_01-0110,Congratulations and good luck.
3775,email-enronsent31_01-0046,"Sincerely,"
1511,weblog-blogspot.com_dakbangla_20050311135387_ENG_20050311_135387-0162,Zawahiri argued instead that they have been active since the assassination of Anwar Sadat in Egypt because of the Camp David Accord and the resulting peace treaty between Egypt and Israel.
3342,email-enronsent13_01-0086,Tanya:
4116,email-enronsent14_01-0123,Please indicate below whether or not you plan to attend this meeting and through what medium.
9170,answers-20111107211742AAHZaPe_ans-0014,it's very logical.
95,weblog-typepad.com_ripples_20040407125600_ENG_20040407_125600-0031,http://www.oneworld.org/index_oc/issue196/byckau.html
271,weblog-blogspot.com_dakbangla_20041119231111_ENG_20041119_231111-0024,"In 1987, the Tamil Tigers reluctantly accepted the peace accord under Indian pressure."
2479,email-enronsent36_02-0010,The 20 mill reflects gross exposure.
9231,answers-20111108105629AAiZUDY_ans-0020,"i have tried dipping both live and thawed pinkies in tuna juice, and in used gerbil bedding."
9536,answers-20111108105520AA73Axw_ans-0025,"Just making up examples, but if a pair is constantly together, they may lay 10-15 eggs a day."
2184,email-enronsent20_01-0055,11/08/2000 11:02 AM
5380,newsgroup-groups.google.com_hiddennook_04d8cc994875d454_ENG_20050207_012300-0001,"[http://www.newsday.com/news/opinion/ny-vpnasa054135614feb05,0,5979821.story?coll=ny-editorials-headlines]"
3492,email-enronsent06_01-0041,"Yes, I would like to participate."
2103,email-enronsent01_02-0018,She has some big presentation mid-January.
9985,reviews-266591-0001,Best Chineese food in the area
10207,reviews-149741-0001,It's helpful to know a quite a bit about bull fighting.
8359,answers-20111107193044AAvUYBv_ans-0020,"""Nothing Gold Can Stay"", honey."
4682,email-enronsent37_01-0022,I'll not say anything.
475,weblog-blogspot.com_rigorousintuition_20050518101500_ENG_20050518_101500-0015,"Posada can be given up, but Meiring can't."
3442,email-enronsent44_01-0073,Bob
7024,newsgroup-groups.google.com_alt.animals_0084bdc731bfc8d8_ENG_20040905_212000-0065,"$3,500 - Reward a group of veterans offered in 2000 for anyone who could confirm Bush's Alabama guard service."
6444,newsgroup-groups.google.com_alt.animals_0e65f540816d780c_ENG_20041116_124800-0063,Climate is a weekly series by UPI examining the impacts of global climate change.
11177,reviews-186284-0005,"She is so talented, the flowers were arranged superbly and delicately, it is so obvious to see the difference between someone fully trained and skilled compared to others."
9519,answers-20111108105520AA73Axw_ans-0008,Thanks in Advance.
6578,newsgroup-groups.google.com_magicworld_04c89d43ff4fd6ea_ENG_20050104_152000-0039,Money may suddenly become tight at a very inconvenient time.
10591,reviews-068436-0002,"I generally like the BK over the other fast serving restaurants; however, I regreted to visit this restaurant at my town."
10492,reviews-270502-0005,I'm really thankful for the folks at HR Office.
11924,reviews-162422-0008,Sure enough he charged it to the credit card.
10821,reviews-346960-0001,Excellent customer service and quality work.
7211,answers-20111108094740AA1lbom_ans-0003,"You shouldn't ask this question it's intimidating, if i tell you what people knows about Philippines you will blush, thank god many thinks i'm japanese just because of the way i keep myself, the way i talk and treat people, and the way i dress, so if you don't want nasty, insulting answers especially from those undesirable migrants like puttagenius, caloy, gro science, and irene."
9351,answers-20111108110012AAK8Azy_ans-0004,"My question is does that mean it gives him not only the heat, but the ""sun rays"" he needs?"
9215,answers-20111108105629AAiZUDY_ans-0004,"he has a great environment, with water and lots of hiding places and a heat lamp."
4587,email-enronsent05_02-0024,* Maintains the core aggregation program with some adjustments.
8225,answers-20111108084416AAoPgBv_ans-0008,London is a deliteful city to visit and easy to get around.
4627,email-enronsent05_02-0064,Going to be a wild ride.
8801,answers-20111108104352AASs5OZ_ans-0011,That's kind of the way it goes..lol.
1198,weblog-blogspot.com_alaindewitt_20060924104100_ENG_20060924_104100-0098,I am very much afraid that most of Europe still does not understand it.
10785,reviews-042012-0004,You will also have the pleasure of learning the Italiano language.
7819,answers-20111031103114AA61BW3_ans-0014,"If you're looking for a good burger, some great fries (they are too die for!), and good drinks, go to Chickie & Pete's!"
11500,reviews-280844-0009,(I am also a little suspicious of all these glowing reviews...)
7906,answers-20111108103354AAQzdFB_ans-0007,Please help im worried about him !!!
10632,reviews-382257-0005,"I have since purchased two cars from this dealership, The first one was from Phillip and the second was from Richard."
2599,email-enronsent25_01-0046,"Yes, but this time it is his carotid artery - the one that transports blood to the brain."
6914,newsgroup-groups.google.com_misc.consumers_a534e32067078b08_ENG_20060116_030800-0090,"They would have no problem teaching a hegemonic superpower a lesson if the need arose."""
778,weblog-juancole.com_juancole_20040823064025_ENG_20040823_064025-0075,He dated a beautiful young woman working on the campaign.
11526,reviews-091704-0002,My wife had taken her '07 Ford Fusion in for a routine oil change.
1611,email-enronsent19_01-0027,"Philip,"
1953,email-enronsent26_01-0021,fyi/review/comment
4364,email-enronsent03_01-0118,Paula
10870,reviews-339176-0002,I've been to this shop twice (once for an inspection and again for an oil change) and they truly live up to their name: Discount!
5156,email-enronsent07_01-0078,The ISO board called an emergency meeting the next week demanding Winter explain his actions.
